<metadata xml:lang="en"><Esri><CreaDate>20141209</CreaDate><CreaTime>17283600</CreaTime><ArcGISFormat>1.0</ArcGISFormat><ArcGISstyle>Item Description</ArcGISstyle><SyncOnce>FALSE</SyncOnce><DataProperties><itemProps><itemLocation><linkage Sync="TRUE">file://\\DH70LNV2\C$\Users\mlakstigala\Downloads\MyProject1\Wagner_Mayhew_Property.shp</linkage><protocol Sync="TRUE">Local Area Network</protocol></itemLocation><itemName Sync="TRUE">Wagner_Mayhew_Property</itemName><imsContentType Sync="TRUE">002</imsContentType><itemSize Sync="TRUE">0.000</itemSize></itemProps><copyHistory><copy source="P:\Information Technology\GIS\Departments\Parks\Gary Wardle Requests\Farmable_Land" dest="\\cobad.loc\Shared_GIS\Information Technology\GIS\Departments\Parks\Gary Wardle Requests\Aerial Properties\Farmable_Land" date="20141209" time="17283600"/></copyHistory><coordRef><type Sync="TRUE">Projected</type><geogcsn Sync="TRUE">GCS_North_American_1983</geogcsn><csUnits Sync="TRUE">Linear Unit: Foot_US (0.304801)</csUnits><projcsn Sync="TRUE">NAD_1983_StatePlane_Colorado_Central_FIPS_0502_Feet</projcsn><peXml Sync="TRUE">&lt;ProjectedCoordinateSystem xsi:type='typens:ProjectedCoordinateSystem' xmlns:xsi='http://www.w3.org/2001/XMLSchema-instance' xmlns:xs='http://www.w3.org/2001/XMLSchema' xmlns:typens='http://www.esri.com/schemas/ArcGIS/3.0.0'&gt;&lt;WKT&gt;PROJCS[&amp;quot;NAD_1983_StatePlane_Colorado_Central_FIPS_0502_Feet&amp;quot;,GEOGCS[&amp;quot;GCS_North_American_1983&amp;quot;,DATUM[&amp;quot;D_North_American_1983&amp;quot;,SPHEROID[&amp;quot;GRS_1980&amp;quot;,6378137.0,298.257222101]],PRIMEM[&amp;quot;Greenwich&amp;quot;,0.0],UNIT[&amp;quot;Degree&amp;quot;,0.0174532925199433]],PROJECTION[&amp;quot;Lambert_Conformal_Conic&amp;quot;],PARAMETER[&amp;quot;False_Easting&amp;quot;,3000000.000316083],PARAMETER[&amp;quot;False_Northing&amp;quot;,999999.999996],PARAMETER[&amp;quot;Central_Meridian&amp;quot;,-105.5],PARAMETER[&amp;quot;Standard_Parallel_1&amp;quot;,38.45],PARAMETER[&amp;quot;Standard_Parallel_2&amp;quot;,39.75],PARAMETER[&amp;quot;Latitude_Of_Origin&amp;quot;,37.83333333333334],UNIT[&amp;quot;Foot_US&amp;quot;,0.3048006096012192],AUTHORITY[&amp;quot;EPSG&amp;quot;,2232]]&lt;/WKT&gt;&lt;XOrigin&gt;-118767900&lt;/XOrigin&gt;&lt;YOrigin&gt;-94525500&lt;/YOrigin&gt;&lt;XYScale&gt;36985113.707064793&lt;/XYScale&gt;&lt;ZOrigin&gt;-100000&lt;/ZOrigin&gt;&lt;ZScale&gt;10000&lt;/ZScale&gt;&lt;MOrigin&gt;-100000&lt;/MOrigin&gt;&lt;MScale&gt;10000&lt;/MScale&gt;&lt;XYTolerance&gt;0.0032808333333333331&lt;/XYTolerance&gt;&lt;ZTolerance&gt;0.001&lt;/ZTolerance&gt;&lt;MTolerance&gt;0.001&lt;/MTolerance&gt;&lt;HighPrecision&gt;true&lt;/HighPrecision&gt;&lt;WKID&gt;102654&lt;/WKID&gt;&lt;LatestWKID&gt;2232&lt;/LatestWKID&gt;&lt;/ProjectedCoordinateSystem&gt;</peXml></coordRef><lineage><Process ToolSource="c:\program files (x86)\arcgis\desktop10.6\ArcToolbox\Toolboxes\Conversion Tools.tbx\FeatureClassToFeatureClass" Date="20211207" Time="150811">FeatureClassToFeatureClass "Database Connections\Layers.sde\Layers.GISDL.Parks\Layers.GISDL.Farmable_Open_Space" "P:\Information Technology\GIS\Departments\Parks\2021\Farmable Leased Land\Farmable Leased Land.gdb" Farmable_Leased_Land # "Id "Id" true true false 4 Long 0 10 ,First,#,Database Connections\Layers.sde\Layers.GISDL.Parks\Layers.GISDL.Farmable_Open_Space,Id,-1,-1;Acreage "Acreage" true true false 8 Double 8 38 ,First,#,Database Connections\Layers.sde\Layers.GISDL.Parks\Layers.GISDL.Farmable_Open_Space,Acreage,-1,-1;Name "Name" true true false 75 Text 0 0 ,First,#,Database Connections\Layers.sde\Layers.GISDL.Parks\Layers.GISDL.Farmable_Open_Space,Name,-1,-1;created_user "created_user" false true false 255 Text 0 0 ,First,#,Database Connections\Layers.sde\Layers.GISDL.Parks\Layers.GISDL.Farmable_Open_Space,created_user,-1,-1;created_date "created_date" false true false 8 Date 0 0 ,First,#,Database Connections\Layers.sde\Layers.GISDL.Parks\Layers.GISDL.Farmable_Open_Space,created_date,-1,-1;last_edited_user "last_edited_user" false true false 255 Text 0 0 ,First,#,Database Connections\Layers.sde\Layers.GISDL.Parks\Layers.GISDL.Farmable_Open_Space,last_edited_user,-1,-1;last_edited_date "last_edited_date" false true false 8 Date 0 0 ,First,#,Database Connections\Layers.sde\Layers.GISDL.Parks\Layers.GISDL.Farmable_Open_Space,last_edited_date,-1,-1;Shape_STArea__ "Shape_STArea__" false false true 0 Double 0 0 ,First,#,Database Connections\Layers.sde\Layers.GISDL.Parks\Layers.GISDL.Farmable_Open_Space,Shape.STArea(),-1,-1;Shape_STLength__ "Shape_STLength__" false false true 0 Double 0 0 ,First,#,Database Connections\Layers.sde\Layers.GISDL.Parks\Layers.GISDL.Farmable_Open_Space,Shape.STLength(),-1,-1" #</Process><Process ToolSource="c:\program files (x86)\arcgis\desktop10.6\ArcToolbox\Toolboxes\Conversion Tools.tbx\FeatureClassToFeatureClass" Date="20211207" Time="152638">FeatureClassToFeatureClass "P:\Information Technology\GIS\Departments\Parks\2021\Farmable Leased Land\Farmable Leased Land.gdb\Farmable_Leased_Land" "P:\Information Technology\GIS\Departments\Parks\2021\Farmable Leased Land\Farmable Leased Land.gdb" Farmable_Leased_Land2 # "Id "Id" true true false 4 Long 0 0 ,First,#,P:\Information Technology\GIS\Departments\Parks\2021\Farmable Leased Land\Farmable Leased Land.gdb\Farmable_Leased_Land,Id,-1,-1;Acreage "Acreage" true true false 8 Double 0 0 ,First,#,P:\Information Technology\GIS\Departments\Parks\2021\Farmable Leased Land\Farmable Leased Land.gdb\Farmable_Leased_Land,Acreage,-1,-1;Name "Name" true true false 75 Text 0 0 ,First,#,P:\Information Technology\GIS\Departments\Parks\2021\Farmable Leased Land\Farmable Leased Land.gdb\Farmable_Leased_Land,Name,-1,-1;Parcel_Num "Parcel_Num" true true false 20 Text 0 0 ,First,#,P:\Information Technology\GIS\Departments\Parks\2021\Farmable Leased Land\Farmable Leased Land.gdb\Farmable_Leased_Land,Parcel_Num,-1,-1;Address "Address" true true false 75 Text 0 0 ,First,#,P:\Information Technology\GIS\Departments\Parks\2021\Farmable Leased Land\Farmable Leased Land.gdb\Farmable_Leased_Land,Address,-1,-1;Conservaion_Easement "Conservaion_Easement" true true false 20 Text 0 0 ,First,#,P:\Information Technology\GIS\Departments\Parks\2021\Farmable Leased Land\Farmable Leased Land.gdb\Farmable_Leased_Land,Conservaion_Easement,-1,-1;Notes "Notes" true true false 250 Text 0 0 ,First,#,P:\Information Technology\GIS\Departments\Parks\2021\Farmable Leased Land\Farmable Leased Land.gdb\Farmable_Leased_Land,Notes,-1,-1;Shape_Length "Shape_Length" false true true 8 Double 0 0 ,First,#,P:\Information Technology\GIS\Departments\Parks\2021\Farmable Leased Land\Farmable Leased Land.gdb\Farmable_Leased_Land,Shape_Length,-1,-1;Shape_Area "Shape_Area" false true true 8 Double 0 0 ,First,#,P:\Information Technology\GIS\Departments\Parks\2021\Farmable Leased Land\Farmable Leased Land.gdb\Farmable_Leased_Land,Shape_Area,-1,-1" #</Process><Process ToolSource="c:\program files\arcgis\pro\Resources\ArcToolbox\toolboxes\Data Management Tools.tbx\CalculateGeometryAttributes" Date="20230724" Time="144311">CalculateGeometryAttributes Layers.GISDL.Farmable_Leased_Land "Farm_Acreage AREA" # "US Survey Acres" PROJCS["NAD_1983_StatePlane_Colorado_Central_FIPS_0502_Feet",GEOGCS["GCS_North_American_1983",DATUM["D_North_American_1983",SPHEROID["GRS_1980",6378137.0,298.257222101]],PRIMEM["Greenwich",0.0],UNIT["Degree",0.0174532925199433]],PROJECTION["Lambert_Conformal_Conic"],PARAMETER["False_Easting",3000000.000316083],PARAMETER["False_Northing",999999.999996],PARAMETER["Central_Meridian",-105.5],PARAMETER["Standard_Parallel_1",38.45],PARAMETER["Standard_Parallel_2",39.75],PARAMETER["Latitude_Of_Origin",37.83333333333334],UNIT["Foot_US",0.3048006096012192]] "Same as input"</Process><Process ToolSource="c:\program files\arcgis\pro\Resources\ArcToolbox\toolboxes\Analysis Tools.tbx\Select" Date="20230806" Time="122905">Select Boundaries\Agriculture\Layers.GISDL.Farmable_Leased_Land C:\Users\mlakstigala\Downloads\MyProject1\MyProject1.gdb\Wagner_Mayhew_Property #</Process><Process ToolSource="c:\program files\arcgis\pro\Resources\ArcToolbox\toolboxes\Analysis Tools.tbx\Select" Date="20230818" Time="184158">Select Boundaries\Agriculture\Wagner_Mayhew_Property C:\Users\mlakstigala\Downloads\MyProject1\MyProject1.gdb\Wagner_Mayhew_Property_Shapefile #</Process><Process ToolSource="c:\program files\arcgis\pro\Resources\ArcToolbox\toolboxes\Conversion Tools.tbx\ExportFeatures" Date="20230818" Time="184255">ExportFeatures Wagner_Mayhew_Property_Shapefile C:\Users\mlakstigala\Downloads\MyProject1\MyProject1.gdb\Wagner_Mayhew_Property # NOT_USE_ALIAS "Id "ID" true true false 4 Long 0 0,First,#,Wagner_Mayhew_Property_Shapefile,Id,-1,-1;Farm_Acreage "Farm_Acreage" true true false 8 Double 0 0,First,#,Wagner_Mayhew_Property_Shapefile,Farm_Acreage,-1,-1;Name "Name" true true false 75 Text 0 0,First,#,Wagner_Mayhew_Property_Shapefile,Name,0,75;Parcel_Num "Parcel_Num" true true false 20 Text 0 0,First,#,Wagner_Mayhew_Property_Shapefile,Parcel_Num,0,20;Address "Address" true true false 75 Text 0 0,First,#,Wagner_Mayhew_Property_Shapefile,Address,0,75;Conservation_Easement "Conservation_Easement" true true false 20 Text 0 0,First,#,Wagner_Mayhew_Property_Shapefile,Conservation_Easement,0,20;Notes "Notes" true true false 250 Text 0 0,First,#,Wagner_Mayhew_Property_Shapefile,Notes,0,250;created_user "created_user" true true false 255 Text 0 0,First,#,Wagner_Mayhew_Property_Shapefile,created_user,0,255;created_date "created_date" true true false 8 Date 0 0,First,#,Wagner_Mayhew_Property_Shapefile,created_date,-1,-1;last_edited_user "last_edited_user" true true false 255 Text 0 0,First,#,Wagner_Mayhew_Property_Shapefile,last_edited_user,0,255;last_edited_date "last_edited_date" true true false 8 Date 0 0,First,#,Wagner_Mayhew_Property_Shapefile,last_edited_date,-1,-1;Owner "Owner" true true false 75 Text 0 0,First,#,Wagner_Mayhew_Property_Shapefile,Owner,0,75;Parcel_Acreage "Parcel_Acreage" true true false 8 Double 0 0,First,#,Wagner_Mayhew_Property_Shapefile,Parcel_Acreage,-1,-1;Shape_Length "Shape_Length" false true true 8 Double 0 0,First,#,Wagner_Mayhew_Property_Shapefile,Shape_Length,-1,-1;Shape_Area "Shape_Area" false true true 8 Double 0 0,First,#,Wagner_Mayhew_Property_Shapefile,Shape_Area,-1,-1" #</Process><Process ToolSource="c:\program files\arcgis\pro\Resources\ArcToolbox\toolboxes\Conversion Tools.tbx\ExportFeatures" Date="20230818" Time="184830">ExportFeatures Wagner_Mayhew_Property C:\Users\mlakstigala\Downloads\MyProject1\Wagner_Mayhew_Property.shp # NOT_USE_ALIAS "Id "ID" true true false 4 Long 0 0,First,#,Wagner_Mayhew_Property,Id,-1,-1;Farm_Acreage "Farm_Acreage" true true false 8 Double 0 0,First,#,Wagner_Mayhew_Property,Farm_Acreage,-1,-1;Name "Name" true true false 75 Text 0 0,First,#,Wagner_Mayhew_Property,Name,0,75;Parcel_Num "Parcel_Num" true true false 20 Text 0 0,First,#,Wagner_Mayhew_Property,Parcel_Num,0,20;Address "Address" true true false 75 Text 0 0,First,#,Wagner_Mayhew_Property,Address,0,75;Conservation_Easement "Conservation_Easement" true true false 20 Text 0 0,First,#,Wagner_Mayhew_Property,Conservation_Easement,0,20;Notes "Notes" true true false 250 Text 0 0,First,#,Wagner_Mayhew_Property,Notes,0,250;created_user "created_user" true true false 255 Text 0 0,First,#,Wagner_Mayhew_Property,created_user,0,255;created_date "created_date" true true false 8 Date 0 0,First,#,Wagner_Mayhew_Property,created_date,-1,-1;last_edited_user "last_edited_user" true true false 255 Text 0 0,First,#,Wagner_Mayhew_Property,last_edited_user,0,255;last_edited_date "last_edited_date" true true false 8 Date 0 0,First,#,Wagner_Mayhew_Property,last_edited_date,-1,-1;Owner "Owner" true true false 75 Text 0 0,First,#,Wagner_Mayhew_Property,Owner,0,75;Parcel_Acreage "Parcel_Acreage" true true false 8 Double 0 0,First,#,Wagner_Mayhew_Property,Parcel_Acreage,-1,-1;Shape_Length "Shape_Length" false true true 8 Double 0 0,First,#,Wagner_Mayhew_Property,Shape_Length,-1,-1;Shape_Area "Shape_Area" false true true 8 Double 0 0,First,#,Wagner_Mayhew_Property,Shape_Area,-1,-1" #</Process></lineage></DataProperties><SyncDate>20230818</SyncDate><SyncTime>18483000</SyncTime><ModDate>20230818</ModDate><ModTime>18483000</ModTime></Esri><dataIdInfo><envirDesc Sync="TRUE">Microsoft Windows 10 Version 10.0 (Build 19045) ; Esri ArcGIS 13.0.3.36057</envirDesc><dataLang><languageCode value="eng" Sync="TRUE"/><countryCode value="USA" Sync="TRUE"/></dataLang><idCitation><resTitle Sync="TRUE">Wagner_Mayhew_Property</resTitle><presForm><PresFormCd value="005" Sync="TRUE"/></presForm></idCitation><spatRpType><SpatRepTypCd value="001" Sync="TRUE"/></spatRpType></dataIdInfo><mdLang><languageCode value="eng" Sync="TRUE"/><countryCode value="USA" Sync="TRUE"/></mdLang><distInfo><distFormat><formatName Sync="TRUE">Shapefile</formatName></distFormat><distTranOps><transSize Sync="TRUE">0.000</transSize></distTranOps></distInfo><mdHrLv><ScopeCd value="005" Sync="TRUE"/></mdHrLv><mdHrLvName Sync="TRUE">dataset</mdHrLvName><refSysInfo><RefSystem><refSysID><identCode code="2232" Sync="TRUE"/><idCodeSpace Sync="TRUE">EPSG</idCodeSpace><idVersion Sync="TRUE">5.3(9.0.0)</idVersion></refSysID></RefSystem></refSysInfo><spatRepInfo><VectSpatRep><geometObjs Name="Wagner_Mayhew_Property"><geoObjTyp><GeoObjTypCd value="002" Sync="TRUE"></GeoObjTypCd></geoObjTyp><geoObjCnt Sync="TRUE">0</geoObjCnt></geometObjs><topLvl><TopoLevCd value="001" Sync="TRUE"></TopoLevCd></topLvl></VectSpatRep></spatRepInfo><spdoinfo><ptvctinf><esriterm Name="Wagner_Mayhew_Property"><efeatyp Sync="TRUE">Simple</efeatyp><efeageom code="4" Sync="TRUE"></efeageom><esritopo Sync="TRUE">FALSE</esritopo><efeacnt Sync="TRUE">0</efeacnt><spindex Sync="TRUE">FALSE</spindex><linrefer Sync="TRUE">FALSE</linrefer></esriterm></ptvctinf></spdoinfo><eainfo><detailed Name="Wagner_Mayhew_Property"><enttyp><enttypl Sync="TRUE">Wagner_Mayhew_Property</enttypl><enttypt Sync="TRUE">Feature Class</enttypt><enttypc Sync="TRUE">0</enttypc></enttyp><attr><attrlabl Sync="TRUE">FID</attrlabl><attalias Sync="TRUE">FID</attalias><attrtype Sync="TRUE">OID</attrtype><attwidth Sync="TRUE">4</attwidth><atprecis Sync="TRUE">0</atprecis><attscale Sync="TRUE">0</attscale><attrdef Sync="TRUE">Internal feature number.</attrdef><attrdefs Sync="TRUE">Esri</attrdefs><attrdomv><udom Sync="TRUE">Sequential unique whole numbers that are automatically generated.</udom></attrdomv></attr><attr><attrlabl Sync="TRUE">Id</attrlabl><attalias Sync="TRUE">Id</attalias><attrtype Sync="TRUE">Integer</attrtype><attwidth Sync="TRUE">10</attwidth><atprecis Sync="TRUE">10</atprecis><attscale Sync="TRUE">0</attscale></attr><attr><attrlabl Sync="TRUE">Name</attrlabl><attalias Sync="TRUE">Name</attalias><attrtype Sync="TRUE">String</attrtype><attwidth Sync="TRUE">75</attwidth><atprecis Sync="TRUE">0</atprecis><attscale Sync="TRUE">0</attscale></attr><attr><attrlabl Sync="TRUE">Farm_Acrea</attrlabl><attalias Sync="TRUE">Farm_Acrea</attalias><attrtype Sync="TRUE">Double</attrtype><attwidth Sync="TRUE">19</attwidth><atprecis Sync="TRUE">0</atprecis><attscale Sync="TRUE">0</attscale></attr><attr><attrlabl Sync="TRUE">Shape</attrlabl><attalias Sync="TRUE">Shape</attalias><attrtype Sync="TRUE">Geometry</attrtype><attwidth Sync="TRUE">0</attwidth><atprecis Sync="TRUE">0</atprecis><attscale Sync="TRUE">0</attscale><attrdef Sync="TRUE">Feature geometry.</attrdef><attrdefs Sync="TRUE">Esri</attrdefs><attrdomv><udom Sync="TRUE">Coordinates defining the features.</udom></attrdomv></attr><attr><attrlabl Sync="TRUE">Parcel_Num</attrlabl><attalias Sync="TRUE">Parcel_Num</attalias><attrtype Sync="TRUE">String</attrtype><attwidth Sync="TRUE">20</attwidth><atprecis Sync="TRUE">0</atprecis><attscale Sync="TRUE">0</attscale></attr><attr><attrlabl Sync="TRUE">Address</attrlabl><attalias Sync="TRUE">Address</attalias><attrtype Sync="TRUE">String</attrtype><attwidth Sync="TRUE">75</attwidth><atprecis Sync="TRUE">0</atprecis><attscale Sync="TRUE">0</attscale></attr><attr><attrlabl Sync="TRUE">Conservati</attrlabl><attalias Sync="TRUE">Conservati</attalias><attrtype Sync="TRUE">String</attrtype><attwidth Sync="TRUE">20</attwidth><atprecis Sync="TRUE">0</atprecis><attscale Sync="TRUE">0</attscale></attr><attr><attrlabl Sync="TRUE">Notes</attrlabl><attalias Sync="TRUE">Notes</attalias><attrtype Sync="TRUE">String</attrtype><attwidth Sync="TRUE">250</attwidth><atprecis Sync="TRUE">0</atprecis><attscale Sync="TRUE">0</attscale></attr><attr><attrlabl Sync="TRUE">created_us</attrlabl><attalias Sync="TRUE">created_us</attalias><attrtype Sync="TRUE">String</attrtype><attwidth Sync="TRUE">254</attwidth><atprecis Sync="TRUE">0</atprecis><attscale Sync="TRUE">0</attscale></attr><attr><attrlabl Sync="TRUE">created_da</attrlabl><attalias Sync="TRUE">created_da</attalias><attrtype Sync="TRUE">Date</attrtype><attwidth Sync="TRUE">8</attwidth><atprecis Sync="TRUE">0</atprecis><attscale Sync="TRUE">0</attscale></attr><attr><attrlabl Sync="TRUE">last_edite</attrlabl><attalias Sync="TRUE">last_edite</attalias><attrtype Sync="TRUE">String</attrtype><attwidth Sync="TRUE">254</attwidth><atprecis Sync="TRUE">0</atprecis><attscale Sync="TRUE">0</attscale></attr><attr><attrlabl Sync="TRUE">last_edi_1</attrlabl><attalias Sync="TRUE">last_edi_1</attalias><attrtype Sync="TRUE">Date</attrtype><attwidth Sync="TRUE">8</attwidth><atprecis Sync="TRUE">0</atprecis><attscale Sync="TRUE">0</attscale></attr><attr><attrlabl Sync="TRUE">Owner</attrlabl><attalias Sync="TRUE">Owner</attalias><attrtype Sync="TRUE">String</attrtype><attwidth Sync="TRUE">75</attwidth><atprecis Sync="TRUE">0</atprecis><attscale Sync="TRUE">0</attscale></attr><attr><attrlabl Sync="TRUE">Parcel_Acr</attrlabl><attalias Sync="TRUE">Parcel_Acr</attalias><attrtype Sync="TRUE">Double</attrtype><attwidth Sync="TRUE">19</attwidth><atprecis Sync="TRUE">0</atprecis><attscale Sync="TRUE">0</attscale></attr><attr><attrlabl Sync="TRUE">Shape_Leng</attrlabl><attalias Sync="TRUE">Shape_Leng</attalias><attrtype Sync="TRUE">Double</attrtype><attwidth Sync="TRUE">19</attwidth><atprecis Sync="TRUE">0</atprecis><attscale Sync="TRUE">0</attscale></attr><attr><attrlabl Sync="TRUE">Shape_Area</attrlabl><attalias Sync="TRUE">Shape_Area</attalias><attrtype Sync="TRUE">Double</attrtype><attwidth Sync="TRUE">19</attwidth><atprecis Sync="TRUE">0</atprecis><attscale Sync="TRUE">0</attscale><attrdef Sync="TRUE">Area of feature in internal units squared.</attrdef><attrdefs Sync="TRUE">Esri</attrdefs><attrdomv><udom Sync="TRUE">Positive real numbers that are automatically generated.</udom></attrdomv></attr></detailed></eainfo><mdDateSt Sync="TRUE">20230818</mdDateSt></metadata>
